student_uid,subject_id,date,status
100000,1,2026-08-01,P
100001,1,2026-08-01,A
100002,1,2026-08-01,P
100000,2,2026-08-01,A
100001,2,2026-08-01,A
100002,2,2026-08-01,P
100000,3,2026-08-01,A
100001,3,2026-08-01,A
100002,3,2026-08-01,P
100000,1,2026-08-02,P
100001,1,2026-08-02,A
100002,1,2026-08-02,P
100000,2,2026-08-02,A
100001,2,2026-08-02,A
100002,2,2026-08-02,P
100000,3,2026-08-02,A
100001,3,2026-08-02,P
100002,3,2026-08-02,A
100000,1,2026-08-03,P
100001,1,2026-08-03,A
100002,1,2026-08-03,P
100000,2,2026-08-03,A
100001,2,2026-08-03,A
100002,2,2026-08-03,A
100000,3,2026-08-03,A
100001,3,2026-08-03,P
100002,3,2026-08-03,P
100000,1,2026-08-04,P
100001,1,2026-08-04,A
100002,1,2026-08-04,P
100000,2,2026-08-04,A
100001,2,2026-08-04,A
100002,2,2026-08-04,P
100000,3,2026-08-04,A
100001,3,2026-08-04,P
100002,3,2026-08-04,P
100000,1,2026-08-05,P
100001,1,2026-08-05,A
100002,1,2026-08-05,P
100000,2,2026-08-05,A
100001,2,2026-08-05,P
100002,2,2026-08-05,P
100000,3,2026-08-05,A
100001,3,2026-08-05,P
100002,3,2026-08-05,A
100000,1,2026-08-06,A
100001,1,2026-08-06,A
100002,1,2026-08-06,P
100000,2,2026-08-06,P
100001,2,2026-08-06,P
100002,2,2026-08-06,P
100000,3,2026-08-06,A
100001,3,2026-08-06,P
100002,3,2026-08-06,P
100000,1,2026-08-07,P
100001,1,2026-08-07,A
100002,1,2026-08-07,P
100000,2,2026-08-07,P
100001,2,2026-08-07,P
100002,2,2026-08-07,P
100000,3,2026-08-07,A
100001,3,2026-08-07,P
100002,3,2026-08-07,P
100000,1,2026-08-08,P
100001,1,2026-08-08,A
100002,1,2026-08-08,P
100000,2,2026-08-08,P
100001,2,2026-08-08,P
100002,2,2026-08-08,P
100000,3,2026-08-08,A
100001,3,2026-08-08,P
100002,3,2026-08-08,A
100000,1,2026-08-09,P
100001,1,2026-08-09,P
100002,1,2026-08-09,P
100000,2,2026-08-09,P
100001,2,2026-08-09,P
100002,2,2026-08-09,A
100000,3,2026-08-09,A
100001,3,2026-08-09,P
100002,3,2026-08-09,P
100000,1,2026-08-10,P
100001,1,2026-08-10,P
100002,1,2026-08-10,P
100000,2,2026-08-10,P
100001,2,2026-08-10,P
100002,2,2026-08-10,P
100000,3,2026-08-10,A
100001,3,2026-08-10,P
100002,3,2026-08-10,P
100000,1,2026-08-11,A
100001,1,2026-08-11,P
100002,1,2026-08-11,P
100000,2,2026-08-11,P
100001,2,2026-08-11,P
100002,2,2026-08-11,P
100000,3,2026-08-11,P
100001,3,2026-08-11,P
100002,3,2026-08-11,P
100000,1,2026-08-12,P
100001,1,2026-08-12,P
100002,1,2026-08-12,P
100000,2,2026-08-12,P
100001,2,2026-08-12,P
100002,2,2026-08-12,P
100000,3,2026-08-12,P
100001,3,2026-08-12,P
100002,3,2026-08-12,P
100000,1,2026-08-13,P
100001,1,2026-08-13,P
100002,1,2026-08-13,P
100000,2,2026-08-13,P
100001,2,2026-08-13,P
100002,2,2026-08-13,P
100000,3,2026-08-13,P
100001,3,2026-08-13,P
100002,3,2026-08-13,P
100000,1,2026-08-14,P
100001,1,2026-08-14,P
100002,1,2026-08-14,P
100000,2,2026-08-14,P
100001,2,2026-08-14,P
100002,2,2026-08-14,P
100000,3,2026-08-14,P
100001,3,2026-08-14,P
100002,3,2026-08-14,P
100000,1,2026-08-15,P
100001,1,2026-08-15,P
100002,1,2026-08-15,P
100000,2,2026-08-15,P
100001,2,2026-08-15,P
100002,2,2026-08-15,P
100000,3,2026-08-15,P
100001,3,2026-08-15,P
100002,3,2026-08-15,P
100000,1,2026-08-16,P
100001,1,2026-08-16,P
100002,1,2026-08-16,P
100000,2,2026-08-16,P
100001,2,2026-08-16,P
100002,2,2026-08-16,P
100000,3,2026-08-16,P
100001,3,2026-08-16,P
100002,3,2026-08-16,P
100000,1,2026-08-17,P
100001,1,2026-08-17,P
100002,1,2026-08-17,P
100000,2,2026-08-17,P
100001,2,2026-08-17,P
100002,2,2026-08-17,P
100000,3,2026-08-17,P
100001,3,2026-08-17,P
100002,3,2026-08-17,P
100000,1,2026-08-18,P
100001,1,2026-08-18,P
100002,1,2026-08-18,P
100000,2,2026-08-18,P
100001,2,2026-08-18,P
100002,2,2026-08-18,P
100000,3,2026-08-18,P
100001,3,2026-08-18,P
100002,3,2026-08-18,P
100000,1,2026-08-19,P
100001,1,2026-08-19,P
100002,1,2026-08-19,P
100000,2,2026-08-19,P
100001,2,2026-08-19,P
100002,2,2026-08-19,P
100000,3,2026-08-19,P
100001,3,2026-08-19,P
100002,3,2026-08-19,P
100000,1,2026-08-20,P
100001,1,2026-08-20,P
100002,1,2026-08-20,P
100000,2,2026-08-20,P
100001,2,2026-08-20,P
100002,2,2026-08-20,P
100000,3,2026-08-20,P
100001,3,2026-08-20,P
100002,3,2026-08-20,P
